barcode,tf,promoter,neg_ctrls,conf_level,is_prime
AACGTAGAAGAG,OTX1,minP,No,1,FALSE
CTCACTCGATCT,ZFP42,minP,No,1,FALSE
TAGTCGTGAGTA,RANDOM1_1_minP,minP,Yes,NA,NA
TGGCTTAAGCTA,RANDOM2_1_minP,minP,Yes,NA,NA
GCAAGTGACTAT,RANDOM3_1_minP,minP,Yes,NA,NA
CTAGAATAGGAC,OTX1,minP,No,1,FALSE
CTTACACAGTTG,ZFP42,minP,No,1,FALSE
ACGGACGATAAC,RANDOM1_1_minP,minP,Yes,NA,NA
CTCAACTGATAC,RANDOM2_1_minP,minP,Yes,NA,NA
TCAACGGCGAAT,RANDOM3_1_minP,minP,Yes,NA,NA
GGCCTTATTAGA,OTX1,minP,No,1,FALSE
TTAGGTTCCGCG,ZFP42,minP,No,1,FALSE
AGTCTCGGTCTC,RANDOM1_1_minP,minP,Yes,NA,NA
GCTTAGGTCCTT,RANDOM2_1_minP,minP,Yes,NA,NA
TAGGAGTTGGTA,RANDOM3_1_minP,minP,Yes,NA,NA
CCGTTCGGTGAA,OTX1,minP,No,1,FALSE
TTAAGACCAGGC,ZFP42,minP,No,1,FALSE
AACAACGACGTC,RANDOM1_1_minP,minP,Yes,NA,NA
ACTTACTTGGTC,RANDOM2_1_minP,minP,Yes,NA,NA
TGAGTAGCGAGC,RANDOM3_1_minP,minP,Yes,NA,NA
TACGGAATACGA,OTX1,minP,No,1,FALSE
CCGCAATCTTAG,ZFP42,minP,No,1,FALSE
TGAGATACAGCC,RANDOM1_1_minP,minP,Yes,NA,NA
GTAGACTCGGTC,RANDOM2_1_minP,minP,Yes,NA,NA
TTCACATACAGC,RANDOM3_1_minP,minP,Yes,NA,NA
CACTCATCGAGT,CREB1,hBGm,No,3,TRUE
CTTCCACCGAAT,NFKB1,hBGm,No,3,TRUE
CTAGGTTGGACT,SP1,hBGm,No,3,TRUE
CGGCTTGACTAT,NEUROG2,hBGm,No,0,FALSE
TGCCTTAAGGAG,RANDOM1_1_hBGm,hBGm,Yes,NA,NA
TGTTCTCCGTGC,RANDOM2_1_hBGm,hBGm,Yes,NA,NA
TTCGTTCGGAGC,RANDOM3_1_hBGm,hBGm,Yes,NA,NA
CTCTTAGTCCAG,CREB1,hBGm,No,3,TRUE
TTCTAAGCTCAC,NFKB1,hBGm,No,3,TRUE
CTTCAATACCGA,SP1,hBGm,No,3,TRUE
CAGAACGAGTTA,NEUROG2,hBGm,No,0,FALSE
TGCGCCTTCCAA,RANDOM1_1_hBGm,hBGm,Yes,NA,NA
CCTGTAACCATA,RANDOM2_1_hBGm,hBGm,Yes,NA,NA
CTTGGATAGTGT,RANDOM3_1_hBGm,hBGm,Yes,NA,NA
TGCCAATTCGCC,CREB1,hBGm,No,3,TRUE
GGTTCGTACTTA,NFKB1,hBGm,No,3,TRUE
CCAGTCGGTAGT,SP1,hBGm,No,3,TRUE
TGCTACTCTCTT,NEUROG2,hBGm,No,0,FALSE
AGGCTACTCTTA,RANDOM1_1_hBGm,hBGm,Yes,NA,NA
TGTCTTACACAC,RANDOM2_1_hBGm,hBGm,Yes,NA,NA
GATCACCAGAAT,RANDOM3_1_hBGm,hBGm,Yes,NA,NA
GGCGGCACATAT,CREB1,hBGm,No,3,TRUE
GAGGTGTATAGC,NFKB1,hBGm,No,3,TRUE
TACAAGAGGCAA,SP1,hBGm,No,3,TRUE
TAGGTACACTGG,NEUROG2,hBGm,No,0,FALSE
AGTTGTCACCGC,RANDOM1_1_hBGm,hBGm,Yes,NA,NA
GTTGTAAGTGTC,RANDOM2_1_hBGm,hBGm,Yes,NA,NA
TGGCTAAGCTTA,RANDOM3_1_hBGm,hBGm,Yes,NA,NA
ATCTCGATCGGC,CREB1,hBGm,No,3,TRUE
GGACGTGGTAAG,NFKB1,hBGm,No,3,TRUE
TGGTTGTTACGA,SP1,hBGm,No,3,TRUE
GAAGGTTGAGAA,NEUROG2,hBGm,No,0,FALSE
GTTACTGGAGCG,RANDOM1_1_hBGm,hBGm,Yes,NA,NA
TGCAAGTGTCCG,RANDOM2_1_hBGm,hBGm,Yes,NA,NA
GAACGTTGAAGG,RANDOM3_1_hBGm,hBGm,Yes,NA,NA
CAGCGACTGACA,TP53,mCMV,No,3,TRUE
TTACCACTGAGA,ELK1_B,mCMV,No,NA,NA
CATCACACGGTG,KLF4,mCMV,No,2,TRUE
CCTATCGGACTT,RANDOM1_1_mCMV,mCMV,Yes,NA,NA
GGCGGATAGAGA,RANDOM2_1_mCMV,mCMV,Yes,NA,NA
ACGAAGAGATCC,RANDOM3_1_mCMV,mCMV,Yes,NA,NA
ACACGTAGCTTA,TP53,mCMV,No,3,TRUE
CGTCTACAACTG,ELK1_B,mCMV,No,NA,NA
CCATCCTAAGAA,KLF4,mCMV,No,2,TRUE
TACTGACTATCG,RANDOM1_1_mCMV,mCMV,Yes,NA,NA
AAGACAAGTAGG,RANDOM2_1_mCMV,mCMV,Yes,NA,NA
CGAAGAGTGGTC,RANDOM3_1_mCMV,mCMV,Yes,NA,NA
AACAGAACAAGG,TP53,mCMV,No,3,TRUE
GTTGTACCAGTA,ELK1_B,mCMV,No,NA,NA
GTCTTCAGCAGC,KLF4,mCMV,No,2,TRUE
ATTCCATCGTCA,RANDOM1_1_mCMV,mCMV,Yes,NA,NA
CCTAACCAGCGA,RANDOM2_1_mCMV,mCMV,Yes,NA,NA
TAGGATCTGGTC,RANDOM3_1_mCMV,mCMV,Yes,NA,NA
ACCTCTTAGGTC,TP53,mCMV,No,3,TRUE
AAGGCTACTATC,ELK1_B,mCMV,No,NA,NA
ATCGAGCTCAGG,KLF4,mCMV,No,2,TRUE
GACATATCCTCA,RANDOM1_1_mCMV,mCMV,Yes,NA,NA
CTAACCAGCCTT,RANDOM2_1_mCMV,mCMV,Yes,NA,NA
CCAATTGAGCAC,RANDOM3_1_mCMV,mCMV,Yes,NA,NA
GCTCTCGAATTA,TP53,mCMV,No,3,TRUE
AACTGCTAGGTC,ELK1_B,mCMV,No,NA,NA
GTCTGCCAACAT,KLF4,mCMV,No,2,TRUE
GTATAGTGCAGA,RANDOM1_1_mCMV,mCMV,Yes,NA,NA
GCACTAACGTCG,RANDOM2_1_mCMV,mCMV,Yes,NA,NA
TCTGGTCCTCAT,RANDOM3_1_mCMV,mCMV,Yes,NA,NA
GAGTTAAGAACG,RANDOM1_2_minP,minP,Yes,NA,NA
CACAGATTGAGA,RANDOM2_2_minP,minP,Yes,NA,NA
CTAGTTGAGGTC,RANDOM3_2_minP,minP,Yes,NA,NA
CCACAAGTTGGA,RANDOM1_2_minP,minP,Yes,NA,NA
CATACTGCCACC,RANDOM2_2_minP,minP,Yes,NA,NA
TTATCGAGGATC,RANDOM3_2_minP,minP,Yes,NA,NA
TCACAGAGAGAA,RANDOM1_2_minP,minP,Yes,NA,NA
GGCATCTATAGA,RANDOM2_2_minP,minP,Yes,NA,NA
ACAATAACGCGC,RANDOM3_2_minP,minP,Yes,NA,NA
CGCACCAACAGA,RANDOM1_2_minP,minP,Yes,NA,NA
TCGGCGGTATAA,RANDOM2_2_minP,minP,Yes,NA,NA
GGACGCTTGGTA,RANDOM3_2_minP,minP,Yes,NA,NA
GTTGACCACGGA,RANDOM1_2_minP,minP,Yes,NA,NA
CTCAGGCATATA,RANDOM2_2_minP,minP,Yes,NA,NA
TACGAAGCAAGC,RANDOM3_2_minP,minP,Yes,NA,NA
TTGACACTCGCT,HOMEZ,hBGm,No,0,FALSE
GCGTACTCCTTA,TCF7L2,hBGm,No,2,TRUE
TCTGAGACAACA,IRX3,hBGm,No,2,TRUE
CACTGGCCAGAT,RANDOM1_2_hBGm,hBGm,Yes,NA,NA
ACCTAGCGTAAT,RANDOM2_2_hBGm,hBGm,Yes,NA,NA
GTAGTCGGAATC,RANDOM3_2_hBGm,hBGm,Yes,NA,NA
GCTTATAAGCGA,HOMEZ,hBGm,No,0,FALSE
AAGAATCGGTGT,TCF7L2,hBGm,No,2,TRUE
TGCGTACTAAGA,IRX3,hBGm,No,2,TRUE
CACAAGGACTAA,RANDOM1_2_hBGm,hBGm,Yes,NA,NA
TCTACGAACGAC,RANDOM2_2_hBGm,hBGm,Yes,NA,NA
ACTAGAGCGACC,RANDOM3_2_hBGm,hBGm,Yes,NA,NA
CTTATAGAGGTG,HOMEZ,hBGm,No,0,FALSE
GAGGATAGCGAT,TCF7L2,hBGm,No,2,TRUE
AGTCATCGGTAA,IRX3,hBGm,No,2,TRUE
CGCCTGTATACC,RANDOM1_2_hBGm,hBGm,Yes,NA,NA
GCCTGTCGTAAT,RANDOM2_2_hBGm,hBGm,Yes,NA,NA
GCGTATCACTTG,RANDOM3_2_hBGm,hBGm,Yes,NA,NA
TCCTACAACGTT,HOMEZ,hBGm,No,0,FALSE
TTCACCGAGACT,TCF7L2,hBGm,No,2,TRUE
TGATCACTCGTT,IRX3,hBGm,No,2,TRUE
AGAAGTCCAAGG,RANDOM1_2_hBGm,hBGm,Yes,NA,NA
TCGATAGCACAT,RANDOM2_2_hBGm,hBGm,Yes,NA,NA
GAGTAGGATACT,RANDOM3_2_hBGm,hBGm,Yes,NA,NA
GCTTCTAGCCAC,HOMEZ,hBGm,No,0,FALSE
TCAGGCTATCAT,TCF7L2,hBGm,No,2,TRUE
CGACCGGTATCT,IRX3,hBGm,No,2,TRUE
TTCCACAGAGCG,RANDOM1_2_hBGm,hBGm,Yes,NA,NA
GATTCTAGCTCT,RANDOM2_2_hBGm,hBGm,Yes,NA,NA
CAACTCACGATA,RANDOM3_2_hBGm,hBGm,Yes,NA,NA
ATTGGCCGGTAT,GLI1,mCMV,No,2,TRUE
TACGCAGTAGAT,NFYA,mCMV,No,3,TRUE
TTATACGCCTCG,TFCP2L1,mCMV,No,3,TRUE
CTAAGAGCAAGT,RANDOM1_2_mCMV,mCMV,Yes,NA,NA
ACTAGTCAGGTA,RANDOM2_2_mCMV,mCMV,Yes,NA,NA
TGGTCTACCAAC,RANDOM3_2_mCMV,mCMV,Yes,NA,NA
CAGTCTCCTATA,GLI1,mCMV,No,2,TRUE
TTAGGCTAGGCA,NFYA,mCMV,No,3,TRUE
CCACGAAGCGAT,TFCP2L1,mCMV,No,3,TRUE
CAGTCTCGCGAA,RANDOM1_2_mCMV,mCMV,Yes,NA,NA
GTATCCGCCACA,RANDOM2_2_mCMV,mCMV,Yes,NA,NA
GCAGATTGAGAT,RANDOM3_2_mCMV,mCMV,Yes,NA,NA
TGGTGGTAAGCG,GLI1,mCMV,No,2,TRUE
TTCGGCTCATCA,NFYA,mCMV,No,3,TRUE
ACCTTCGTGTAG,TFCP2L1,mCMV,No,3,TRUE
TCAGTTCGTTCA,RANDOM1_2_mCMV,mCMV,Yes,NA,NA
ATCCGGCGTAGA,RANDOM2_2_mCMV,mCMV,Yes,NA,NA
CTTGGATAGACA,RANDOM3_2_mCMV,mCMV,Yes,NA,NA
GAATACCTGGAA,GLI1,mCMV,No,2,TRUE
TCGAGTTAAGCG,NFYA,mCMV,No,3,TRUE
GCGTGATAGTGC,TFCP2L1,mCMV,No,3,TRUE
AACGTCTCGGTG,RANDOM1_2_mCMV,mCMV,Yes,NA,NA
ACTTAAGGAAGG,RANDOM2_2_mCMV,mCMV,Yes,NA,NA
ATATCGGCGTGC,RANDOM3_2_mCMV,mCMV,Yes,NA,NA
TGGAAGACTAGG,GLI1,mCMV,No,2,TRUE
AAGTTCGTCTCT,NFYA,mCMV,No,3,TRUE
GGTAGCTAGTCT,TFCP2L1,mCMV,No,3,TRUE
GTGCGCGGTATT,RANDOM1_2_mCMV,mCMV,Yes,NA,NA
ACAGAGCGCACA,RANDOM2_2_mCMV,mCMV,Yes,NA,NA
TACTACTGAGGA,RANDOM3_2_mCMV,mCMV,Yes,NA,NA
CGATTGGAAGAA,RARA,minP,No,3,TRUE
TGAAGCGTCCAT,ELK1_A,minP,No,NA,NA
TAGTCGTAGGAC,RANDOM1_3_minP,minP,Yes,NA,NA
TCTGGTCGACAG,RANDOM2_3_minP,minP,Yes,NA,NA
CTTACTACTACG,RANDOM3_3_minP,minP,Yes,NA,NA
GCTCTCTACCAA,RARA,minP,No,3,TRUE
GCATTCATCGTC,ELK1_A,minP,No,NA,NA
AGCCGAGCTTAC,RANDOM1_3_minP,minP,Yes,NA,NA
TATTAAGGACCG,RANDOM2_3_minP,minP,Yes,NA,NA
TAGCGTCCACTA,RANDOM3_3_minP,minP,Yes,NA,NA
TCGACTAGCGCA,RARA,minP,No,3,TRUE
TACTGGTGCGAC,ELK1_A,minP,No,NA,NA
TGGCTTGGTTAT,RANDOM1_3_minP,minP,Yes,NA,NA
TTAGCCGCTCTA,RANDOM2_3_minP,minP,Yes,NA,NA
TACAACGAGAGA,RANDOM3_3_minP,minP,Yes,NA,NA
CTCCTATAGGAA,RARA,minP,No,3,TRUE
GAGAATAGAGGA,ELK1_A,minP,No,NA,NA
AACTGCAGAGAC,RANDOM1_3_minP,minP,Yes,NA,NA
ACCGGCTAAGAT,RANDOM2_3_minP,minP,Yes,NA,NA
TGACATCGAAGT,RANDOM3_3_minP,minP,Yes,NA,NA
CAGCTAATAGCC,RARA,minP,No,3,TRUE
GACTGTAGCGAG,ELK1_A,minP,No,NA,NA
CTTAGGTCTACA,RANDOM1_3_minP,minP,Yes,NA,NA
GACACTACGCTA,RANDOM2_3_minP,minP,Yes,NA,NA
ACATACTCCTAG,RANDOM3_3_minP,minP,Yes,NA,NA
TGCTACAGAGAG,NFE2L2,hBGm,No,3,TRUE
TTGAGCAAGTGT,STAT3,hBGm,No,3,TRUE
TTCGAGCCGAGA,IRF3,hBGm,No,3,TRUE
TGCGTAGTGTAC,SMAD4,hBGm,No,3,TRUE
GTCCAACGAACA,GBX2,hBGm,No,1,FALSE
GGAGTTGAAGCT,PAX6,hBGm,No,4,TRUE
AAGGCTCATAGA,RANDOM1_3_hBGm,hBGm,Yes,NA,NA
ATAGAGTTAGCG,RANDOM2_3_hBGm,hBGm,Yes,NA,NA
CGACACCAGGAT,RANDOM3_3_hBGm,hBGm,Yes,NA,NA
TTACGGTTAGCA,NFE2L2,hBGm,No,3,TRUE
CCAAGCTCCATA,STAT3,hBGm,No,3,TRUE
TTCGGTTGTATC,IRF3,hBGm,No,3,TRUE
GTCAGATCGGAT,SMAD4,hBGm,No,3,TRUE
ACAAGGCGCACT,GBX2,hBGm,No,1,FALSE
ATCCGTGCGATT,PAX6,hBGm,No,4,TRUE
CCAACTATACAC,RANDOM1_3_hBGm,hBGm,Yes,NA,NA
CCTTCTCATAGA,RANDOM2_3_hBGm,hBGm,Yes,NA,NA
AGAAGAGGAGCC,RANDOM3_3_hBGm,hBGm,Yes,NA,NA
CGAGTCAATAGA,NFE2L2,hBGm,No,3,TRUE
AGGCATACTGGA,STAT3,hBGm,No,3,TRUE
TATTCCTGAGCA,IRF3,hBGm,No,3,TRUE
TATCCTTCGTCC,SMAD4,hBGm,No,3,TRUE
CAAGCGCAGGTT,GBX2,hBGm,No,1,FALSE
CAGATACGGTAT,PAX6,hBGm,No,4,TRUE
ACACGTAAGACA,RANDOM1_3_hBGm,hBGm,Yes,NA,NA
TACTATCACCGC,RANDOM2_3_hBGm,hBGm,Yes,NA,NA
TGCCACAAGAAT,RANDOM3_3_hBGm,hBGm,Yes,NA,NA
GGCCGTATACAG,NFE2L2,hBGm,No,3,TRUE
ACATCGAGCAGT,STAT3,hBGm,No,3,TRUE
GGCAACTACATA,IRF3,hBGm,No,3,TRUE
CCAACGCGAACA,SMAD4,hBGm,No,3,TRUE
GTTAGTCCGATA,GBX2,hBGm,No,1,FALSE
TCTGTCATCGGC,PAX6,hBGm,No,4,TRUE
GACTGTCCGAAT,RANDOM1_3_hBGm,hBGm,Yes,NA,NA
CTTGCCGGTACA,RANDOM2_3_hBGm,hBGm,Yes,NA,NA
TAGTATCTCCTG,RANDOM3_3_hBGm,hBGm,Yes,NA,NA
TTGCTCGACCTA,NFE2L2,hBGm,No,3,TRUE
TTGCCTAACCGA,STAT3,hBGm,No,3,TRUE
GATCGGTACGAA,IRF3,hBGm,No,3,TRUE
TTACTGCCTAAC,SMAD4,hBGm,No,3,TRUE
AGGTACAGACAT,GBX2,hBGm,No,1,FALSE
TTGAGCCGACTG,PAX6,hBGm,No,4,TRUE
TTACTGTACTCG,RANDOM1_3_hBGm,hBGm,Yes,NA,NA
CAAGTACACAAC,RANDOM2_3_hBGm,hBGm,Yes,NA,NA
TGTGACTAGAAC,RANDOM3_3_hBGm,hBGm,Yes,NA,NA
AGATCACAGCGG,ZFX,mCMV,No,0,FALSE
TACCGAACAAGC,ESRRB,mCMV,No,2,TRUE
GCAAGCGATAGA,NR3C1,mCMV,No,3,TRUE
AAGCGGCACAAC,RANDOM1_3_mCMV,mCMV,Yes,NA,NA
AGTCGTGGTGAT,RANDOM2_3_mCMV,mCMV,Yes,NA,NA
CGCAACTCGAGA,RANDOM3_3_mCMV,mCMV,Yes,NA,NA
TTGGATCCGCTG,ZFX,mCMV,No,0,FALSE
TATAACGCAGAC,ESRRB,mCMV,No,2,TRUE
GCGTTCACTGAG,NR3C1,mCMV,No,3,TRUE
TAACGAGTTGCA,RANDOM1_3_mCMV,mCMV,Yes,NA,NA
CGGTCATATACC,RANDOM2_3_mCMV,mCMV,Yes,NA,NA
TGCGATAAGGTT,RANDOM3_3_mCMV,mCMV,Yes,NA,NA
AGAGAGGTCCAG,ZFX,mCMV,No,0,FALSE
GAACCGCCTTAG,ESRRB,mCMV,No,2,TRUE
TATAGGCTGGTC,NR3C1,mCMV,No,3,TRUE
TCGACTGGACAG,RANDOM1_3_mCMV,mCMV,Yes,NA,NA
TGAGAAGAGCGC,RANDOM2_3_mCMV,mCMV,Yes,NA,NA
TACCTAGGTGTA,RANDOM3_3_mCMV,mCMV,Yes,NA,NA
CCGTTACAACTT,ZFX,mCMV,No,0,FALSE
GACCGCCTAGTT,ESRRB,mCMV,No,2,TRUE
AACCAACAACGA,NR3C1,mCMV,No,3,TRUE
GTATAGCGCTCG,RANDOM1_3_mCMV,mCMV,Yes,NA,NA
AGAGCCTAGGAG,RANDOM2_3_mCMV,mCMV,Yes,NA,NA
GCTTGAAGGAGC,RANDOM3_3_mCMV,mCMV,Yes,NA,NA
CGCTGAATTGCT,ZFX,mCMV,No,0,FALSE
CGCTCGACAATT,ESRRB,mCMV,No,2,TRUE
TTGAACGCGCAA,NR3C1,mCMV,No,3,TRUE
ACGAGAACCAAG,RANDOM1_3_mCMV,mCMV,Yes,NA,NA
CATCTCGAGCGA,RANDOM2_3_mCMV,mCMV,Yes,NA,NA
CGATCCTATTCT,RANDOM3_3_mCMV,mCMV,Yes,NA,NA
CACATTGCAACG,RANDOM1_1_Random,Random,Yes,NA,NA
CACTCCTTCCAG,RANDOM2_1_Random,Random,Yes,NA,NA
ACTACTCGTTCT,RANDOM3_1_Random,Random,Yes,NA,NA
GTGCGGTGAAGA,RANDOM1_1_Random,Random,Yes,NA,NA
GCCGAGAGATTG,RANDOM2_1_Random,Random,Yes,NA,NA
AGCTACGCACTG,RANDOM3_1_Random,Random,Yes,NA,NA
GGCCACGAGATA,RANDOM1_1_Random,Random,Yes,NA,NA
CTTACCGGCGAA,RANDOM2_1_Random,Random,Yes,NA,NA
GGTTGGCTTCAG,RANDOM3_1_Random,Random,Yes,NA,NA
CTGTGCTCCTTA,RANDOM1_1_Random,Random,Yes,NA,NA
TCTTAGTGCCTC,RANDOM2_1_Random,Random,Yes,NA,NA
AGATATCGGCAG,RANDOM3_1_Random,Random,Yes,NA,NA
GAGGTCGGTAGA,RANDOM1_1_Random,Random,Yes,NA,NA
GAAGCCGGCTAA,RANDOM2_1_Random,Random,Yes,NA,NA
TAGATCGGCAAG,RANDOM3_1_Random,Random,Yes,NA,NA
AATCGACTGCTCA,THRB,minP,No,4,TRUE
TCACTTCCTATCG,GRHL1,minP,No,4,TRUE
GTATACATCGAGC,PGR,minP,No,0,FALSE
GGCATTAATCAGG,WT1,minP,No,2,TRUE
TGCAAGGTGACTG,THRB,minP,No,4,TRUE
GCTCTTACCTTCG,GRHL1,minP,No,4,TRUE
GGACACCAGGTAA,PGR,minP,No,0,FALSE
AATCCGCTAACGA,WT1,minP,No,2,TRUE
TTGGCTAATACGG,THRB,minP,No,4,TRUE
ACCAGGACACGTA,GRHL1,minP,No,4,TRUE
CTCTTGAAGACGA,PGR,minP,No,0,FALSE
ACTGGATTAGCGG,WT1,minP,No,2,TRUE
GGAACCTCCGTAA,THRB,minP,No,4,TRUE
AATTCACCGGAGA,GRHL1,minP,No,4,TRUE
TAGAGATTGGCCG,PGR,minP,No,0,FALSE
TGCTGGACAGTGT,WT1,minP,No,2,TRUE
GACTTCTAGTCGG,THRB,minP,No,4,TRUE
GTCGCGCTATTAA,GRHL1,minP,No,4,TRUE
AAGCCTCTCTTGA,PGR,minP,No,0,FALSE
TCAACGTCCGCTT,WT1,minP,No,2,TRUE
GGAGGTAGAACAT,RORA,mCMV,No,3,TRUE
ATTATCTTCGCGG,THRA,mCMV,No,1,FALSE
AAGCTTAGGTGCA,EGR1,mCMV,No,3,TRUE
TCTAGGTGTCTCA,HNF1A,mCMV,No,2,TRUE
GGAGGTATAATCC,NR1I2,mCMV,No,3,TRUE
CGATTGTCTTCGA,NR1H4::RXRA,mCMV,No,4,TRUE
CGTTAGCGGTATC,STAT1::STAT2,mCMV,No,3,TRUE
GCCTCATCACGAA,CEBPB,mCMV,No,1,FALSE
AGTTGGACTGGAG,E2F1,mCMV,No,1,FALSE
TTGCTAAGCACCA,FOSL1,mCMV,No,2,TRUE
GACGGCATCATTA,NR4A1,mCMV,No,1,FALSE
TTCGGCAACTGTA,NR5A2,mCMV,No,0,FALSE
GCAATTGCGTTGG,POU5F1,mCMV,No,3,TRUE
GATTGCGTACCAA,REL,mCMV,No,3,TRUE
CCATTGATCTCGG,SOX2,mCMV,No,4,TRUE
GAGGACTTCCTTG,SMAD2::SMAD3::SMAD4,mCMV,No,1,FALSE
GTCCACTGATTC,NR1H2,mCMV,No,3,TRUE
TCTGCACAAGCTC,TCF7,mCMV,No,3,TRUE
TCTACGTATTGCG,NR4A2::RXRA,mCMV,No,2,TRUE
TTACGTGACGCAA,FOXA1,mCMV,No,4,TRUE
CCATTACCGTTGA,RORA,mCMV,No,3,TRUE
GCACCTGACTCAA,THRA,mCMV,No,1,FALSE
TAGTGTACCTTGG,EGR1,mCMV,No,3,TRUE
TCTGGTAATCACC,HNF1A,mCMV,No,2,TRUE
AATTGGTCGCCTC,NR1I2,mCMV,No,3,TRUE
GCGGTCAAGTGAA,NR1H4::RXRA,mCMV,No,4,TRUE
GTAGCTTGTGGAA,STAT1::STAT2,mCMV,No,3,TRUE
AGGTGCACATCAA,CEBPB,mCMV,No,1,FALSE
CATTCTCTGACAC,E2F1,mCMV,No,1,FALSE
CGTTGTTCGTTGA,FOSL1,mCMV,No,2,TRUE
TTCCGCTGCATTA,NR4A1,mCMV,No,1,FALSE
GAATAGTCGCTCA,NR5A2,mCMV,No,0,FALSE
GTTGTTCGGTGTG,POU5F1,mCMV,No,3,TRUE
CCTGATCAAGCCA,REL,mCMV,No,3,TRUE
CCGGTCATCGATA,SOX2,mCMV,No,4,TRUE
CTTCGCTGTCCTA,SMAD2::SMAD3::SMAD4,mCMV,No,1,FALSE
ATACCAACACCA,NR1H2,mCMV,No,3,TRUE
AGGCATATCATCC,TCF7,mCMV,No,3,TRUE
TCTCCAGCTGTAA,NR4A2::RXRA,mCMV,No,2,TRUE
CCATTCTAGGCAA,FOXA1,mCMV,No,4,TRUE
CGGTTATACGGCA,RORA,mCMV,No,3,TRUE
TACCAGCCTCTTG,THRA,mCMV,No,1,FALSE
AACGTTCTGCCGA,EGR1,mCMV,No,3,TRUE
CGTCTCACTTCTG,HNF1A,mCMV,No,2,TRUE
TCGAGTCTTGTCC,NR1I2,mCMV,No,3,TRUE
AGTACTCCGTGAA,NR1H4::RXRA,mCMV,No,4,TRUE
GTCTCTTGTTGTC,STAT1::STAT2,mCMV,No,3,TRUE
TAGGCCTCAACAA,E2F1,mCMV,No,1,FALSE
CCTGGTATTACCA,FOSL1,mCMV,No,2,TRUE
TGCTGAGCATTGA,NR4A1,mCMV,No,1,FALSE
TCTTCATCGTTGG,NR5A2,mCMV,No,0,FALSE
CCTATAGCGGATA,POU5F1,mCMV,No,3,TRUE
ACCACGACAGGAA,REL,mCMV,No,3,TRUE
GTGCAATTGTCGG,SOX2,mCMV,No,4,TRUE
CTTGCGGTGATAA,SMAD2::SMAD3::SMAD4,mCMV,No,1,FALSE
CACCTTGCATAA,NR1H2,mCMV,No,3,TRUE
AGAACAACGTTGG,TCF7,mCMV,No,3,TRUE
ATTGAACGTACGG,NR4A2::RXRA,mCMV,No,2,TRUE
TCGGCTCATTGAA,FOXA1,mCMV,No,4,TRUE
CTCTAGGCTGTCA,RORA,mCMV,No,3,TRUE
AGAGAGCGCTTAA,THRA,mCMV,No,1,FALSE
AGGCGAATCGTAA,EGR1,mCMV,No,3,TRUE
GTTGGCCTAGTTG,HNF1A,mCMV,No,2,TRUE
CGAATAACCATCC,NR1I2,mCMV,No,3,TRUE
ATCACCGTCCTGA,NR1H4::RXRA,mCMV,No,4,TRUE
AGTGAATTGCCGG,STAT1::STAT2,mCMV,No,3,TRUE
CATTGGTACACGA,CEBPB,mCMV,No,1,FALSE
AATTCGTCTGCGG,E2F1,mCMV,No,1,FALSE
TACGTTGGCGTTA,FOSL1,mCMV,No,2,TRUE
CACAATCTGGTGC,NR4A1,mCMV,No,1,FALSE
CACACTCGAGTTA,NR5A2,mCMV,No,0,FALSE
ATAAGCAGGTACC,POU5F1,mCMV,No,3,TRUE
AATTACCTGCGGA,REL,mCMV,No,3,TRUE
TGGAACCGAATCC,SOX2,mCMV,No,4,TRUE
TGAGTGGCCTTGA,SMAD2::SMAD3::SMAD4,mCMV,No,1,FALSE
GGTGCTATAGCC,NR1H2,mCMV,No,3,TRUE
GAACACCTGAGTA,TCF7,mCMV,No,3,TRUE
TGTGGCGCAATCT,NR4A2::RXRA,mCMV,No,2,TRUE
TGCCAGCCAATAA,FOXA1,mCMV,No,4,TRUE
CTGCCAAGTACGT,RORA,mCMV,No,3,TRUE
TTAGGACAACTCC,THRA,mCMV,No,1,FALSE
AATTGTGTCCACG,EGR1,mCMV,No,3,TRUE
ACAGCCACGTCAA,HNF1A,mCMV,No,2,TRUE
GTCAGACTTGCAA,NR1I2,mCMV,No,3,TRUE
TCTCAGCAGATCA,NR1H4::RXRA,mCMV,No,4,TRUE
GATTCCATCGCTA,STAT1::STAT2,mCMV,No,3,TRUE
AGGACAGACCTTA,CEBPB,mCMV,No,1,FALSE
ACGCGGCATATAG,E2F1,mCMV,No,1,FALSE
ATTGCCTGCAGTG,FOSL1,mCMV,No,2,TRUE
TCGCCACTTATTG,NR4A1,mCMV,No,1,FALSE
AGTTCGATTCGCG,NR5A2,mCMV,No,0,FALSE
AGGTGAAGCTCCT,POU5F1,mCMV,No,3,TRUE
AGTGGCCATACCA,REL,mCMV,No,3,TRUE
AGGAGGTGAACAA,SOX2,mCMV,No,4,TRUE
GGCGCCAATTATA,SMAD2::SMAD3::SMAD4,mCMV,No,1,FALSE
ACTCGAGTTAGG,NR1H2,mCMV,No,3,TRUE
AATTCGCACCTCC,TCF7,mCMV,No,3,TRUE
AGAGCTGGAGCAA,NR4A2::RXRA,mCMV,No,2,TRUE
AGCTTCGAGTGAA,FOXA1,mCMV,No,4,TRUE
GGTGTGGATTACA,RXRA,minP,No,1,FALSE
GATTGTCGAGTTC,MYBL2,minP,No,0,FALSE
CTAGCTCCATCAA,NFIA,minP,No,1,FALSE
TCCTAGACTTGAG,PPARA::RXRA,minP,No,2,TRUE
CACAGATTCCTCA,AR,minP,No,0,FALSE
ACTTCTGGCTCTT,RXRA,minP,No,1,FALSE
TTCATAGAGCTCC,MYBL2,minP,No,0,FALSE
TAGGTATTCCTGG,NFIA,minP,No,1,FALSE
CCAATCAGGCGAA,PPARA::RXRA,minP,No,2,TRUE
GTCTGTACGGTAT,AR,minP,No,0,FALSE
GAGACACCTACTA,RXRA,minP,No,1,FALSE
GCAACATTGTGCA,MYBL2,minP,No,0,FALSE
CTAGCGGTATAGA,NFIA,minP,No,1,FALSE
TCGGTTGAACTCA,PPARA::RXRA,minP,No,2,TRUE
CTCGAGTCGAGAA,AR,minP,No,0,FALSE
GACACTAGTGGCT,RXRA,minP,No,1,FALSE
GAGCCAAGAACTA,MYBL2,minP,No,0,FALSE
GGCCGGTGTATAA,NFIA,minP,No,1,FALSE
TACACGCTTGCAA,PPARA::RXRA,minP,No,2,TRUE
GAGGCAAGTGTCA,AR,minP,No,0,FALSE
TAATTGCGGTACG,RXRA,minP,No,1,FALSE
TGTCAAGAGAGCT,MYBL2,minP,No,0,FALSE
AGTCGACCTAGTG,NFIA,minP,No,1,FALSE
GGTTGCCTTCATA,PPARA::RXRA,minP,No,2,TRUE
CTCGTTGAGTCAA,AR,minP,No,0,FALSE
AAGGATCCTAGGA,GATA1,mCMV,No,2,TRUE
TTGTCAAGTGTGC,NRF1,mCMV,No,1,FALSE
TAATCTTCTCGCC,ESR1,mCMV,No,4,TRUE
GTCTTGTTGCTAC,HNF4A,mCMV,No,2,TRUE
TGTCAAGCGGTGA,SRF,mCMV,No,3,TRUE
GGAGGCGGAATAA,TEAD1,mCMV,No,4,TRUE
ATCTTGTCCGCAA,PPARG::RXRA,mCMV,No,1,FALSE
AGCACATCTGACC,RARA:RXRA,mCMV,No,3,TRUE
TGCACAAGACCAA,VDR::RXRA,mCMV,No,3,TRUE
CTGAACTCGAGGT,GATA1,mCMV,No,2,TRUE
TGACTTGAACTCC,NRF1,mCMV,No,1,FALSE
GTTCTTCTGGTCG,ESR1,mCMV,No,4,TRUE
TCCATCGGTGTTG,HNF4A,mCMV,No,2,TRUE
ACAGCGATTGTTG,SRF,mCMV,No,3,TRUE
GTCTCCAGTAGGA,TEAD1,mCMV,No,4,TRUE
GGAGTGTCAATTG,PPARG::RXRA,mCMV,No,1,FALSE
GGTTGATCCACGA,RARA:RXRA,mCMV,No,3,TRUE
TGCCAAGTGCCTT,VDR::RXRA,mCMV,No,3,TRUE
AACCATTCAACGG,GATA1,mCMV,No,2,TRUE
CACGTTACTGCTA,NRF1,mCMV,No,1,FALSE
GTTCCTTCGCGAA,ESR1,mCMV,No,4,TRUE
TTCTAGGTGTGGA,HNF4A,mCMV,No,2,TRUE
TGGCCTAGTGTGT,SRF,mCMV,No,3,TRUE
TACCTGTTGCTGG,TEAD1,mCMV,No,4,TRUE
TGTTGATCCGTGA,PPARG::RXRA,mCMV,No,1,FALSE
ACACTTCTCTCCA,RARA:RXRA,mCMV,No,3,TRUE
ACATATAGACCGG,VDR::RXRA,mCMV,No,3,TRUE
TTCCGGTGTCTGA,GATA1,mCMV,No,2,TRUE
GTTCACCTCACCT,NRF1,mCMV,No,1,FALSE
CAATCAAGCCAGA,ESR1,mCMV,No,4,TRUE
GAGGAAGCGGTTA,HNF4A,mCMV,No,2,TRUE
TGAGGCTGTACTT,SRF,mCMV,No,3,TRUE
CTACGAACACCAA,TEAD1,mCMV,No,4,TRUE
AGTGCCAAGTTGA,PPARG::RXRA,mCMV,No,1,FALSE
CAGGAAGGACTTC,RARA:RXRA,mCMV,No,3,TRUE
TGTCGTCCATCCA,VDR::RXRA,mCMV,No,3,TRUE
CTTGTTGGAGGAA,GATA1,mCMV,No,2,TRUE
TCTCTGCCAGGAA,NRF1,mCMV,No,1,FALSE
GCTGTCATCACCA,ESR1,mCMV,No,4,TRUE
TAACGAACGGCAA,HNF4A,mCMV,No,2,TRUE
GCGACGTATTGAA,SRF,mCMV,No,3,TRUE
GAGTGGAGGATTA,TEAD1,mCMV,No,4,TRUE
TACGTTGAGTTCC,PPARG::RXRA,mCMV,No,1,FALSE
ACTAACCATCTGG,RARA:RXRA,mCMV,No,3,TRUE
TTGAGACAGTTGG,VDR::RXRA,mCMV,No,3,TRUE
TATTGGAACCTCG,ETS2,minP,No,3,TRUE
ATAGGTCGTGCAA,POU2F1,minP,No,3,TRUE
TATCCACTTAGCG,GATA4,minP,No,2,TRUE
CTCGCTTGCGTAA,ETS2,minP,No,3,TRUE
AAGTATCGCTTCG,POU2F1,minP,No,3,TRUE
GTTATTGGCGACA,GATA4,minP,No,2,TRUE
TGTTGCGGAGCTT,ETS2,minP,No,3,TRUE
GTCCTTCTGTCCA,POU2F1,minP,No,3,TRUE
TCGGTTCTTCCAA,GATA4,minP,No,2,TRUE
TCCACTCATTGTG,ETS2,minP,No,3,TRUE
CATTCGAGCCGAA,POU2F1,minP,No,3,TRUE
GAACCTTGCAGGT,GATA4,minP,No,2,TRUE
GGTGAACTATCTC,ETS2,minP,No,3,TRUE
GTTACCTCGATCA,POU2F1,minP,No,3,TRUE
AACGGCACTGTCT,GATA4,minP,No,2,TRUE
TCTCGTCAGAGTA,MAF::NFE2,mCMV,No,2,TRUE
GCTAACAGCCTTA,NFAT5,mCMV,No,1,FALSE
CCTTCAGG,NR1D1,mCMV,No,0,FALSE
GTCATAACCGTGC,XBP1,mCMV,No,3,TRUE
TGCCTATAAGAGG,POU5F1::SOX2,mCMV,No,4,TRUE
TTAGTAGGATCGG,MAF::NFE2,mCMV,No,2,TRUE
GAACGCGGAATAT,NFAT5,mCMV,No,1,FALSE
AGTTGGAA,NR1D1,mCMV,No,0,FALSE
AAGCGTGTGATCA,XBP1,mCMV,No,3,TRUE
ATACACCGGAGCT,POU5F1::SOX2,mCMV,No,4,TRUE
ACCTCCATCGGAA,MAF::NFE2,mCMV,No,2,TRUE
CTTGAGGTCAGGA,NFAT5,mCMV,No,1,FALSE
GTACCACA,NR1D1,mCMV,No,0,FALSE
CGAAGCCTTATTC,XBP1,mCMV,No,3,TRUE
GGCCGAGCATTAA,POU5F1::SOX2,mCMV,No,4,TRUE
AAGGTTAGGACGG,MAF::NFE2,mCMV,No,2,TRUE
CGTAGAAGTCCTG,NFAT5,mCMV,No,1,FALSE
TTGCGCGA,NR1D1,mCMV,No,0,FALSE
TCGAGGCACCTAA,XBP1,mCMV,No,3,TRUE
GACTACGTAAGCA,POU5F1::SOX2,mCMV,No,4,TRUE
GGTCCGTGTACAA,MAF::NFE2,mCMV,No,2,TRUE
GCATTAGCACGGA,NFAT5,mCMV,No,1,FALSE
GGTTACCG,NR1D1,mCMV,No,0,FALSE
ATACAGAACGTGG,XBP1,mCMV,No,3,TRUE
CTACATATTCCGG,POU5F1::SOX2,mCMV,No,4,TRUE
ACAGAGGAAGTCC,MEF2A,Random,No,3,TRUE
TCCTTCTTGCCTA,RFX1,Random,No,1,FALSE
TCGTCTGAGATCT,SOX9,Random,No,1,FALSE
TATCGTGTAGCGA,FOXO1,Random,No,3,TRUE
TCTTGTCGTACCA,MEF2A,Random,No,3,TRUE
TTGTGACCTCTTG,RFX1,Random,No,1,FALSE
ACAGTGTGTGTAC,SOX9,Random,No,1,FALSE
CTGCCTCAGCATT,FOXO1,Random,No,3,TRUE
GCGGTGAACTCTT,MEF2A,Random,No,3,TRUE
TTGCACATAGTGG,RFX1,Random,No,1,FALSE
ATACCTTCTCTGG,SOX9,Random,No,1,FALSE
GAGGAGAATCCTA,FOXO1,Random,No,3,TRUE
ATTGCGCGTCTAA,MEF2A,Random,No,3,TRUE
CGTGACTCGATAA,RFX1,Random,No,1,FALSE
AGTACTGTCTTCG,SOX9,Random,No,1,FALSE
GGCTCACCAATAA,FOXO1,Random,No,3,TRUE
CAGGAATACCGTA,MEF2A,Random,No,3,TRUE
TCTGCGACATCTA,RFX1,Random,No,1,FALSE
GGACGGATTAGAA,SOX9,Random,No,1,FALSE
TACGCCTCACGTT,FOXO1,Random,No,3,TRUE
ACACACCTATCTG,AHR::ARNT,minP,No,3,TRUE
TGTGTTGTGTGCA,AHR::ARNT,minP,No,3,TRUE
GGTCATTCTAAGG,AHR::ARNT,minP,No,3,TRUE
CGTCTGTTGGAGA,AHR::ARNT,minP,No,3,TRUE
GCACGACATCGTA,AHR::ARNT,minP,No,3,TRUE
CTACGCACTTCAA,ATF2,minP,No,3,TRUE
CGTGGTACTTACA,ATF2,minP,No,3,TRUE
TTCACTTGGCAGA,ATF2,minP,No,3,TRUE
GTTGCTCTCTCGT,ATF2,minP,No,3,TRUE
GGAGTGCGTATAA,ATF2,minP,No,3,TRUE
CGTTGCACCTGAA,ATF4,minP,No,3,TRUE
CAATCGGCAGTTC,ATF4,minP,No,3,TRUE
GAATAACGCAGTC,ATF4,minP,No,3,TRUE
ACGAGCTGGATAA,ATF4,minP,No,3,TRUE
CTGAAGCTTACTG,ATF4,minP,No,3,TRUE
CGACAGGTTACTG,ATF6,minP,No,2,TRUE
TGGCAGGATACAA,ATF6,minP,No,2,TRUE
AGGCTCTCACTGA,ATF6,minP,No,2,TRUE
TCTCCGCTATCTG,ATF6,minP,No,2,TRUE
CCTATACTCTCAG,ATF6,minP,No,2,TRUE
ATCGACCAACGAA,CEBPA,minP,No,1,FALSE
CAAGGTTAACTGG,CEBPA,minP,No,1,FALSE
AGATCAGACTGTG,CEBPA,minP,No,1,FALSE
AGTGATAGTGACC,CEBPA,minP,No,1,FALSE
TCGCTGATTGCTC,CEBPA,minP,No,1,FALSE
GTTGTACAGGCAA,CLOCK,mCMV,No,1,FALSE
GTAGGCCAAGTTC,CLOCK,mCMV,No,1,FALSE
ACACAGCTTCTTG,CLOCK,mCMV,No,1,FALSE
AGTTGCCTCATTG,CLOCK,mCMV,No,1,FALSE
CAATACTTGACGG,CLOCK,mCMV,No,1,FALSE
GATTGAAGCTCCA,FOS::JUN,mCMV,No,4,TRUE
GCAATACTTCAGG,FOS::JUN,mCMV,No,4,TRUE
GAACCAATCCAGA,FOS::JUN,mCMV,No,4,TRUE
AGCTTGTCGTTGA,FOS::JUN,mCMV,No,4,TRUE
AGACCTACCTGTG,FOS::JUN,mCMV,No,4,TRUE
TTGTGGTCGCTGA,GATA3,mCMV,No,1,FALSE
AACACACACGGAA,GATA3,mCMV,No,1,FALSE
CTGCCAATATCGA,GATA3,mCMV,No,1,FALSE
CGGCACAAGAGTT,GATA3,mCMV,No,1,FALSE
ACTGAGGTCACAA,GATA3,mCMV,No,1,FALSE
CAACTCCTTGGAA,HIF1A,minP,No,1,FALSE
AGGTTGTAGACTG,HIF1A,minP,No,1,FALSE
CTGGTCTTGTCCA,HIF1A,minP,No,1,FALSE
CACCAGATTACGT,HIF1A,minP,No,1,FALSE
GAACAGAACTTGG,HIF1A,minP,No,1,FALSE
CTGCTCTAAGGAA,HSF1,mCMV,No,3,TRUE
TGTGCAGACTTCA,HSF1,mCMV,No,3,TRUE
GTGCTTGAGACAA,HSF1,mCMV,No,3,TRUE
TAATCCGGATTCC,HSF1,mCMV,No,3,TRUE
GACTTAGCGGTGT,HSF1,mCMV,No,3,TRUE
ACTGGTTACTAGG,IRF1,mCMV,No,1,FALSE
AAGGAACCTTAGC,IRF1,mCMV,No,1,FALSE
GCAAGATCATTGG,IRF1,mCMV,No,1,FALSE
CTCCGACGGTTAA,IRF1,mCMV,No,1,FALSE
TGCCTAGCTGATC,IRF1,mCMV,No,1,FALSE
CACGGTATAGCCA,MTF1,mCMV,No,3,TRUE
CCTCTGCAATTGG,MTF1,mCMV,No,3,TRUE
CGATAAGTCTGGA,MTF1,mCMV,No,3,TRUE
CGATTGGACTTCC,MTF1,mCMV,No,3,TRUE
AGATACACGTAGG,MTF1,mCMV,No,3,TRUE
CTGGTTGACTCTA,MYC,mCMV,No,1,FALSE
TAATACCGCGTTG,MYC,mCMV,No,1,FALSE
TACAAGGCCATCA,MYC,mCMV,No,1,FALSE
CGACTGGCTGTAA,MYC,mCMV,No,1,FALSE
CCAGAGTATCGTA,MYC,mCMV,No,1,FALSE
TTATCCGCGTACA,NFATC1,mCMV,No,4,TRUE
GGTGCACCTACAA,NFATC1,mCMV,No,4,TRUE
GAGCCGTGATTGA,NFATC1,mCMV,No,4,TRUE
TTATCTCCTCCTG,NFATC1,mCMV,No,4,TRUE
TCCTGTCGAGTTC,NFATC1,mCMV,No,4,TRUE
TTAGCAGCATAGG,NR1I3,minP,No,1,FALSE
GCCTGTTCGCTAT,NR1I3,minP,No,1,FALSE
CATAGGTGGCATA,NR1I3,minP,No,1,FALSE
AGATTGTCACTGG,NR1I3,minP,No,1,FALSE
ACTACCACACCAA,NR1I3,minP,No,1,FALSE
TCGCTTCGAATCG,NR3C2,minP,No,1,FALSE
CGTAACTATTGCG,NR3C2,minP,No,1,FALSE
ACTCGCCTTCACA,NR3C2,minP,No,1,FALSE
ACTAACCGACCAA,NR3C2,minP,No,1,FALSE
CCAAGGCACTTAA,NR3C2,minP,No,1,FALSE
TCTGCTTAGACAG,ONECUT1,minP,No,1,FALSE
TCAGCAGTGTGAA,ONECUT1,minP,No,1,FALSE
CAGTGCTTCTTCG,ONECUT1,minP,No,1,FALSE
GCCTTGATCGTCT,ONECUT1,minP,No,1,FALSE
AGTTAACTGCCGA,ONECUT1,minP,No,1,FALSE
GGATCAGCCAGAA,RBPJ,mCMV,No,1,FALSE
GACACACTACTTC,RBPJ,mCMV,No,1,FALSE
TCTGACGTTAGAG,RBPJ,mCMV,No,1,FALSE
TGGTGAGGTATCG,RBPJ,mCMV,No,1,FALSE
TGTACTACCGGTA,RBPJ,mCMV,No,1,FALSE
CACCAGATTCCAA,RUNX2,minP,No,2,TRUE
GTTCTGCAGATCG,RUNX2,minP,No,2,TRUE
TTGGAACCTCTCG,RUNX2,minP,No,2,TRUE
CCACTTCAGCTAA,RUNX2,minP,No,2,TRUE
GTGTTGAGGACGT,RUNX2,minP,No,2,TRUE
ACCGGTTAGTTGG,SREBF1,minP,No,0,FALSE
CGCGAAGTATTCC,SREBF1,minP,No,0,FALSE
AGTCGTAACGAGA,SREBF1,minP,No,0,FALSE
TGCAGAGAAGCTG,SREBF1,minP,No,0,FALSE
TTGCCGACGATCT,SREBF1,minP,No,0,FALSE
ACCATAAGGTTGG,STAT1,minP,No,2,TRUE
CGACCAGAAGTTC,STAT1,minP,No,2,TRUE
CTCATTGCTACTG,STAT1,minP,No,2,TRUE
GACGCTACATCTG,STAT1,minP,No,2,TRUE
CTCTACCTATCGA,STAT1,minP,No,2,TRUE
GTGGCTGGAAGTT,STAT4,mCMV,No,2,TRUE
AATCTGTGGCTGA,STAT4,mCMV,No,2,TRUE
TCTATAGCCGCCT,STAT4,mCMV,No,2,TRUE
TAGAAGGACGTCA,STAT4,mCMV,No,2,TRUE
TCACCACCATTGA,STAT4,mCMV,No,2,TRUE
TCTAGACTT,STAT6,mCMV,No,1,FALSE
AGCTAATCT,STAT6,mCMV,No,1,FALSE
CTCACTTGA,STAT6,mCMV,No,1,FALSE
GAGAGCAGA,STAT6,mCMV,No,1,FALSE
GGTTCGCTA,STAT6,mCMV,No,1,FALSE
GGCACACGTCATA,TFAP2A,mCMV,No,1,FALSE
GCTACTTCGTCTG,TFAP2A,mCMV,No,1,FALSE
TGTATCCTGACTC,TFAP2A,mCMV,No,1,FALSE
CGGTTAGATAGCC,TFAP2A,mCMV,No,1,FALSE
TTGTGACCAATCG,TFAP2A,mCMV,No,1,FALSE
AACACACACACTC,TFEB,mCMV,No,1,FALSE
TGGACCACAAGGT,TFEB,mCMV,No,1,FALSE
CAGGATTGCAGAA,TFEB,mCMV,No,1,FALSE
ATACAGCGTACGC,TFEB,mCMV,No,1,FALSE
ACCTAAGGAGGAA,TFEB,mCMV,No,1,FALSE
