run	basename	celltype	treatment	replicate	read1	read2
7784	11_mES_2i_r2_TAAGGCGA-CTCCTTAC_S11	mES	LIF	R3	/DATA/usr/m.trauernicht/projects/ATAC_TF_reporter_comparison/ATAC_seq_analyses/data/7784_11_mES_2i_r2_TAAGGCGA-CTCCTTAC_S11_R1_001.fastq.gz	/DATA/usr/m.trauernicht/projects/ATAC_TF_reporter_comparison/ATAC_seq_analyses/data/7784_11_mES_2i_r2_TAAGGCGA-CTCCTTAC_S11_R2_001.fastq.gz
7784	12_mES_LIF_PD_r2_CGTACTAG-CTCCTTAC_S12	mES	CH	R3	/DATA/usr/m.trauernicht/projects/ATAC_TF_reporter_comparison/ATAC_seq_analyses/data/7784_12_mES_LIF_PD_r2_CGTACTAG-CTCCTTAC_S12_R1_001.fastq.gz	/DATA/usr/m.trauernicht/projects/ATAC_TF_reporter_comparison/ATAC_seq_analyses/data/7784_12_mES_LIF_PD_r2_CGTACTAG-CTCCTTAC_S12_R2_001.fastq.gz
7784	13_mES_LIF_CH_r2_AGGCAGAA-CTCCTTAC_S13	mES	PD	R3	/DATA/usr/m.trauernicht/projects/ATAC_TF_reporter_comparison/ATAC_seq_analyses/data/7784_13_mES_LIF_CH_r2_AGGCAGAA-CTCCTTAC_S13_R1_001.fastq.gz	/DATA/usr/m.trauernicht/projects/ATAC_TF_reporter_comparison/ATAC_seq_analyses/data/7784_13_mES_LIF_CH_r2_AGGCAGAA-CTCCTTAC_S13_R2_001.fastq.gz
7784	14_mES_2i_LIF_r2_TCCTGAGC-CTCCTTAC_S14	mES	2i_LIF	R3	/DATA/usr/m.trauernicht/projects/ATAC_TF_reporter_comparison/ATAC_seq_analyses/data/7784_14_mES_2i_LIF_r2_TCCTGAGC-CTCCTTAC_S14_R1_001.fastq.gz	/DATA/usr/m.trauernicht/projects/ATAC_TF_reporter_comparison/ATAC_seq_analyses/data/7784_14_mES_2i_LIF_r2_TCCTGAGC-CTCCTTAC_S14_R2_001.fastq.gz
7784	15_mES_POU5F1_DEG_r2_GGACTCCT-CTCCTTAC_S15	mES	POU5F1_DEG	R3	/DATA/usr/m.trauernicht/projects/ATAC_TF_reporter_comparison/ATAC_seq_analyses/data/7784_15_mES_POU5F1_DEG_r2_GGACTCCT-CTCCTTAC_S15_R1_001.fastq.gz	/DATA/usr/m.trauernicht/projects/ATAC_TF_reporter_comparison/ATAC_seq_analyses/data/7784_15_mES_POU5F1_DEG_r2_GGACTCCT-CTCCTTAC_S15_R2_001.fastq.gz
7784	16_mES_POU5F1_ctrl_r2_TAGGCATG-CTCCTTAC_S16	mES	POU5F1_ctrl	R3	/DATA/usr/m.trauernicht/projects/ATAC_TF_reporter_comparison/ATAC_seq_analyses/data/7784_16_mES_POU5F1_ctrl_r2_TAGGCATG-CTCCTTAC_S16_R1_001.fastq.gz	/DATA/usr/m.trauernicht/projects/ATAC_TF_reporter_comparison/ATAC_seq_analyses/data/7784_16_mES_POU5F1_ctrl_r2_TAGGCATG-CTCCTTAC_S16_R2_001.fastq.gz
7784	17_mES_SOX2_DEG_r2_CTCTCTAC-CTCCTTAC_S17	mES	SOX2_DEG	R3	/DATA/usr/m.trauernicht/projects/ATAC_TF_reporter_comparison/ATAC_seq_analyses/data/7784_17_mES_SOX2_DEG_r2_CTCTCTAC-CTCCTTAC_S17_R1_001.fastq.gz	/DATA/usr/m.trauernicht/projects/ATAC_TF_reporter_comparison/ATAC_seq_analyses/data/7784_17_mES_SOX2_DEG_r2_CTCTCTAC-CTCCTTAC_S17_R2_001.fastq.gz
7784	18_mES_SOX2_ctrl_r2_CAGAGAGG-CTCCTTAC_S18	mES	SOX2_ctrl	R3	/DATA/usr/m.trauernicht/projects/ATAC_TF_reporter_comparison/ATAC_seq_analyses/data/7784_18_mES_SOX2_ctrl_r2_CAGAGAGG-CTCCTTAC_S18_R1_001.fastq.gz	/DATA/usr/m.trauernicht/projects/ATAC_TF_reporter_comparison/ATAC_seq_analyses/data/7784_18_mES_SOX2_ctrl_r2_CAGAGAGG-CTCCTTAC_S18_R2_001.fastq.gz
7784	19_mES_FOXA1-OE_r2_TAAGGCGA-TATGCAGT_S19	mES	FOXA1_OE	R3	/DATA/usr/m.trauernicht/projects/ATAC_TF_reporter_comparison/ATAC_seq_analyses/data/7784_19_mES_FOXA1-OE_r2_TAAGGCGA-TATGCAGT_S19_R1_001.fastq.gz	/DATA/usr/m.trauernicht/projects/ATAC_TF_reporter_comparison/ATAC_seq_analyses/data/7784_19_mES_FOXA1-OE_r2_TAAGGCGA-TATGCAGT_S19_R2_001.fastq.gz
7784	1_mES_2i_r1_TAAGGCGA-ATAGAGAG_S1	mES	LIF	R2	/DATA/usr/m.trauernicht/projects/ATAC_TF_reporter_comparison/ATAC_seq_analyses/data/7784_1_mES_2i_r1_TAAGGCGA-ATAGAGAG_S1_R1_001.fastq.gz	/DATA/usr/m.trauernicht/projects/ATAC_TF_reporter_comparison/ATAC_seq_analyses/data/7784_1_mES_2i_r1_TAAGGCGA-ATAGAGAG_S1_R2_001.fastq.gz
7784	20_mES_FOXA1-OE_ctrl_r2_CGTACTAG-TATGCAGT_S20	mES	FOXA1_ctrl	R3	/DATA/usr/m.trauernicht/projects/ATAC_TF_reporter_comparison/ATAC_seq_analyses/data/7784_20_mES_FOXA1-OE_ctrl_r2_CGTACTAG-TATGCAGT_S20_R1_001.fastq.gz	/DATA/usr/m.trauernicht/projects/ATAC_TF_reporter_comparison/ATAC_seq_analyses/data/7784_20_mES_FOXA1-OE_ctrl_r2_CGTACTAG-TATGCAGT_S20_R2_001.fastq.gz
7784	2_mES_LIF_PD_r1_CGTACTAG-ATAGAGAG_S2	mES	CH	R2	/DATA/usr/m.trauernicht/projects/ATAC_TF_reporter_comparison/ATAC_seq_analyses/data/7784_2_mES_LIF_PD_r1_CGTACTAG-ATAGAGAG_S2_R1_001.fastq.gz	/DATA/usr/m.trauernicht/projects/ATAC_TF_reporter_comparison/ATAC_seq_analyses/data/7784_2_mES_LIF_PD_r1_CGTACTAG-ATAGAGAG_S2_R2_001.fastq.gz
7784	3_mES_LIF_CH_r1_AGGCAGAA-ATAGAGAG_S3	mES	PD	R2	/DATA/usr/m.trauernicht/projects/ATAC_TF_reporter_comparison/ATAC_seq_analyses/data/7784_3_mES_LIF_CH_r1_AGGCAGAA-ATAGAGAG_S3_R1_001.fastq.gz	/DATA/usr/m.trauernicht/projects/ATAC_TF_reporter_comparison/ATAC_seq_analyses/data/7784_3_mES_LIF_CH_r1_AGGCAGAA-ATAGAGAG_S3_R2_001.fastq.gz
7784	4_mES_2i_LIF_r1_TCCTGAGC-ATAGAGAG_S4	mES	2i_LIF	R2	/DATA/usr/m.trauernicht/projects/ATAC_TF_reporter_comparison/ATAC_seq_analyses/data/7784_4_mES_2i_LIF_r1_TCCTGAGC-ATAGAGAG_S4_R1_001.fastq.gz	/DATA/usr/m.trauernicht/projects/ATAC_TF_reporter_comparison/ATAC_seq_analyses/data/7784_4_mES_2i_LIF_r1_TCCTGAGC-ATAGAGAG_S4_R2_001.fastq.gz
7784	5_mES_POU5F1_DEG_r1_GGACTCCT-ATAGAGAG_S5	mES	POU5F1_DEG	R2	/DATA/usr/m.trauernicht/projects/ATAC_TF_reporter_comparison/ATAC_seq_analyses/data/7784_5_mES_POU5F1_DEG_r1_GGACTCCT-ATAGAGAG_S5_R1_001.fastq.gz	/DATA/usr/m.trauernicht/projects/ATAC_TF_reporter_comparison/ATAC_seq_analyses/data/7784_5_mES_POU5F1_DEG_r1_GGACTCCT-ATAGAGAG_S5_R2_001.fastq.gz
7784	6_mES_POU5F1_ctrl_r1_TAGGCATG-ATAGAGAG_S6	mES	POU5F1_ctrl	R2	/DATA/usr/m.trauernicht/projects/ATAC_TF_reporter_comparison/ATAC_seq_analyses/data/7784_6_mES_POU5F1_ctrl_r1_TAGGCATG-ATAGAGAG_S6_R1_001.fastq.gz	/DATA/usr/m.trauernicht/projects/ATAC_TF_reporter_comparison/ATAC_seq_analyses/data/7784_6_mES_POU5F1_ctrl_r1_TAGGCATG-ATAGAGAG_S6_R2_001.fastq.gz
7784	7_mES_SOX2_DEG_r1_CTCTCTAC-ATAGAGAG_S7	mES	SOX2_DEG	R2	/DATA/usr/m.trauernicht/projects/ATAC_TF_reporter_comparison/ATAC_seq_analyses/data/7784_7_mES_SOX2_DEG_r1_CTCTCTAC-ATAGAGAG_S7_R1_001.fastq.gz	/DATA/usr/m.trauernicht/projects/ATAC_TF_reporter_comparison/ATAC_seq_analyses/data/7784_7_mES_SOX2_DEG_r1_CTCTCTAC-ATAGAGAG_S7_R2_001.fastq.gz
7784	8_mES_SOX2_ctrl_r1_CAGAGAGG-ATAGAGAG_S8	mES	SOX2_ctrl	R2	/DATA/usr/m.trauernicht/projects/ATAC_TF_reporter_comparison/ATAC_seq_analyses/data/7784_8_mES_SOX2_ctrl_r1_CAGAGAGG-ATAGAGAG_S8_R1_001.fastq.gz	/DATA/usr/m.trauernicht/projects/ATAC_TF_reporter_comparison/ATAC_seq_analyses/data/7784_8_mES_SOX2_ctrl_r1_CAGAGAGG-ATAGAGAG_S8_R2_001.fastq.gz
7822	10_mES_SOX2_ctrl_r1_TAAGGCGA-AGAGGATA_S10	mES	SOX2_ctrl	R1	/DATA/usr/m.trauernicht/projects/ATAC_TF_reporter_comparison/ATAC_seq_analyses/data/7822_10_mES_SOX2_ctrl_r1_TAAGGCGA-AGAGGATA_S10_R1_001.fastq.gz	/DATA/usr/m.trauernicht/projects/ATAC_TF_reporter_comparison/ATAC_seq_analyses/data/7822_10_mES_SOX2_ctrl_r1_TAAGGCGA-AGAGGATA_S10_R2_001.fastq.gz
7822	3_mES_2i_r1_TAAGGCGA-GCGATCTA_S3	mES	LIF	R1	/DATA/usr/m.trauernicht/projects/ATAC_TF_reporter_comparison/ATAC_seq_analyses/data/7822_3_mES_2i_r1_TAAGGCGA-GCGATCTA_S3_R1_001.fastq.gz	/DATA/usr/m.trauernicht/projects/ATAC_TF_reporter_comparison/ATAC_seq_analyses/data/7822_3_mES_2i_r1_TAAGGCGA-GCGATCTA_S3_R2_001.fastq.gz
7822	4_mES_LIF_PD_r1_AGGCAGAA-ATAGAGAG_S4	mES	CH	R1	/DATA/usr/m.trauernicht/projects/ATAC_TF_reporter_comparison/ATAC_seq_analyses/data/7822_4_mES_LIF_PD_r1_AGGCAGAA-ATAGAGAG_S4_R1_001.fastq.gz	/DATA/usr/m.trauernicht/projects/ATAC_TF_reporter_comparison/ATAC_seq_analyses/data/7822_4_mES_LIF_PD_r1_AGGCAGAA-ATAGAGAG_S4_R2_001.fastq.gz
7822	5_mES_LIF_CH_r1_TCCTGAGC-ATAGAGAG_S5	mES	PD	R1	/DATA/usr/m.trauernicht/projects/ATAC_TF_reporter_comparison/ATAC_seq_analyses/data/7822_5_mES_LIF_CH_r1_TCCTGAGC-ATAGAGAG_S5_R1_001.fastq.gz	/DATA/usr/m.trauernicht/projects/ATAC_TF_reporter_comparison/ATAC_seq_analyses/data/7822_5_mES_LIF_CH_r1_TCCTGAGC-ATAGAGAG_S5_R2_001.fastq.gz
7822	6_mES_2i_LIF_r1_GGACTCCT-ATAGAGAG_S6	mES	2i_LIF	R1	/DATA/usr/m.trauernicht/projects/ATAC_TF_reporter_comparison/ATAC_seq_analyses/data/7822_6_mES_2i_LIF_r1_GGACTCCT-ATAGAGAG_S6_R1_001.fastq.gz	/DATA/usr/m.trauernicht/projects/ATAC_TF_reporter_comparison/ATAC_seq_analyses/data/7822_6_mES_2i_LIF_r1_GGACTCCT-ATAGAGAG_S6_R2_001.fastq.gz
7822	7_mES_POU5F1_DEG_r1_TAGGCATG-ATAGAGAG_S7	mES	POU5F1_DEG	R1	/DATA/usr/m.trauernicht/projects/ATAC_TF_reporter_comparison/ATAC_seq_analyses/data/7822_7_mES_POU5F1_DEG_r1_TAGGCATG-ATAGAGAG_S7_R1_001.fastq.gz	/DATA/usr/m.trauernicht/projects/ATAC_TF_reporter_comparison/ATAC_seq_analyses/data/7822_7_mES_POU5F1_DEG_r1_TAGGCATG-ATAGAGAG_S7_R2_001.fastq.gz
7822	8_mES_POU5F1_ctrl_r1_CTCTCTAC-ATAGAGAG_S8	mES	POU5F1_ctrl	R1	/DATA/usr/m.trauernicht/projects/ATAC_TF_reporter_comparison/ATAC_seq_analyses/data/7822_8_mES_POU5F1_ctrl_r1_CTCTCTAC-ATAGAGAG_S8_R1_001.fastq.gz	/DATA/usr/m.trauernicht/projects/ATAC_TF_reporter_comparison/ATAC_seq_analyses/data/7822_8_mES_POU5F1_ctrl_r1_CTCTCTAC-ATAGAGAG_S8_R2_001.fastq.gz
7822	9_mES_SOX2_DEG_r1_CAGAGAGG-ATAGAGAG_S9	mES	SOX2_DEG	R1	/DATA/usr/m.trauernicht/projects/ATAC_TF_reporter_comparison/ATAC_seq_analyses/data/7822_9_mES_SOX2_DEG_r1_CAGAGAGG-ATAGAGAG_S9_R1_001.fastq.gz	/DATA/usr/m.trauernicht/projects/ATAC_TF_reporter_comparison/ATAC_seq_analyses/data/7822_9_mES_SOX2_DEG_r1_CAGAGAGG-ATAGAGAG_S9_R2_001.fastq.gz
8010	10_mES_LIF_6_r2_TAGGCATG-CTCCTTAC_S10	mES	LIF_6h	R2	/DATA/usr/m.trauernicht/projects/ATAC_TF_reporter_comparison/ATAC_seq_analyses/data/8010_10_mES_LIF_6_r2_TAGGCATG-CTCCTTAC_S10_R1_001.fastq.gz	/DATA/usr/m.trauernicht/projects/ATAC_TF_reporter_comparison/ATAC_seq_analyses/data/8010_10_mES_LIF_6_r2_TAGGCATG-CTCCTTAC_S10_R2_001.fastq.gz
8010	11_mES_LIF_3_r2_CTCTCTAC-CTCCTTAC_S11	mES	LIF_3h	R2	/DATA/usr/m.trauernicht/projects/ATAC_TF_reporter_comparison/ATAC_seq_analyses/data/8010_11_mES_LIF_3_r2_CTCTCTAC-CTCCTTAC_S11_R1_001.fastq.gz	/DATA/usr/m.trauernicht/projects/ATAC_TF_reporter_comparison/ATAC_seq_analyses/data/8010_11_mES_LIF_3_r2_CTCTCTAC-CTCCTTAC_S11_R2_001.fastq.gz
8010	12_mES_LIF_1_r2_TAAGGCGA-TATGCAGT_S12	mES	LIF_1h	R2	/DATA/usr/m.trauernicht/projects/ATAC_TF_reporter_comparison/ATAC_seq_analyses/data/8010_12_mES_LIF_1_r2_TAAGGCGA-TATGCAGT_S12_R1_001.fastq.gz	/DATA/usr/m.trauernicht/projects/ATAC_TF_reporter_comparison/ATAC_seq_analyses/data/8010_12_mES_LIF_1_r2_TAAGGCGA-TATGCAGT_S12_R2_001.fastq.gz
8010	13_mES_HQ_6_r2_CGTACTAG-TATGCAGT_S13	mES	HQ_6h	R2	/DATA/usr/m.trauernicht/projects/ATAC_TF_reporter_comparison/ATAC_seq_analyses/data/8010_13_mES_HQ_6_r2_CGTACTAG-TATGCAGT_S13_R1_001.fastq.gz	/DATA/usr/m.trauernicht/projects/ATAC_TF_reporter_comparison/ATAC_seq_analyses/data/8010_13_mES_HQ_6_r2_CGTACTAG-TATGCAGT_S13_R2_001.fastq.gz
8010	14_mES_HQ_3_r2_AGGCAGAA-TATGCAGT_S14	mES	HQ_3h	R2	/DATA/usr/m.trauernicht/projects/ATAC_TF_reporter_comparison/ATAC_seq_analyses/data/8010_14_mES_HQ_3_r2_AGGCAGAA-TATGCAGT_S14_R1_001.fastq.gz	/DATA/usr/m.trauernicht/projects/ATAC_TF_reporter_comparison/ATAC_seq_analyses/data/8010_14_mES_HQ_3_r2_AGGCAGAA-TATGCAGT_S14_R2_001.fastq.gz
8010	15_mES_HQ_1_r2_TCCTGAGC-TATGCAGT_S15	mES	HQ_1h	R2	/DATA/usr/m.trauernicht/projects/ATAC_TF_reporter_comparison/ATAC_seq_analyses/data/8010_15_mES_HQ_1_r2_TCCTGAGC-TATGCAGT_S15_R1_001.fastq.gz	/DATA/usr/m.trauernicht/projects/ATAC_TF_reporter_comparison/ATAC_seq_analyses/data/8010_15_mES_HQ_1_r2_TCCTGAGC-TATGCAGT_S15_R2_001.fastq.gz
8010	16_NPC_HQ_r2_GGACTCCT-TATGCAGT_S16	NPC	HQ	R2	/DATA/usr/m.trauernicht/projects/ATAC_TF_reporter_comparison/ATAC_seq_analyses/data/8010_16_NPC_HQ_r2_GGACTCCT-TATGCAGT_S16_R1_001.fastq.gz	/DATA/usr/m.trauernicht/projects/ATAC_TF_reporter_comparison/ATAC_seq_analyses/data/8010_16_NPC_HQ_r2_GGACTCCT-TATGCAGT_S16_R2_001.fastq.gz
8010	17_NPC_cGAMP_r2_TAGGCATG-TATGCAGT_S17	NPC	cGAMP	R2	/DATA/usr/m.trauernicht/projects/ATAC_TF_reporter_comparison/ATAC_seq_analyses/data/8010_17_NPC_cGAMP_r2_TAGGCATG-TATGCAGT_S17_R1_001.fastq.gz	/DATA/usr/m.trauernicht/projects/ATAC_TF_reporter_comparison/ATAC_seq_analyses/data/8010_17_NPC_cGAMP_r2_TAGGCATG-TATGCAGT_S17_R2_001.fastq.gz
8010	18_mES_Heat_r2_CTCTCTAC-TATGCAGT_S18	mES	Heat	R2	/DATA/usr/m.trauernicht/projects/ATAC_TF_reporter_comparison/ATAC_seq_analyses/data/8010_18_mES_Heat_r2_CTCTCTAC-TATGCAGT_S18_R1_001.fastq.gz	/DATA/usr/m.trauernicht/projects/ATAC_TF_reporter_comparison/ATAC_seq_analyses/data/8010_18_mES_Heat_r2_CTCTCTAC-TATGCAGT_S18_R2_001.fastq.gz
8010	19_NPC_r4_GGACTCCT-TACTCCTT_S19	NPC	DMSO	R4	/DATA/usr/m.trauernicht/projects/ATAC_TF_reporter_comparison/ATAC_seq_analyses/data/8010_19_NPC_r4_GGACTCCT-TACTCCTT_S19_R1_001.fastq.gz	/DATA/usr/m.trauernicht/projects/ATAC_TF_reporter_comparison/ATAC_seq_analyses/data/8010_19_NPC_r4_GGACTCCT-TACTCCTT_S19_R2_001.fastq.gz
8010	1_mES_FBS_r2_TAAGGCGA-TACTCCTT_S1	mES	FBS	R2	/DATA/usr/m.trauernicht/projects/ATAC_TF_reporter_comparison/ATAC_seq_analyses/data/8010_1_mES_FBS_r2_TAAGGCGA-TACTCCTT_S1_R1_001.fastq.gz	/DATA/usr/m.trauernicht/projects/ATAC_TF_reporter_comparison/ATAC_seq_analyses/data/8010_1_mES_FBS_r2_TAAGGCGA-TACTCCTT_S1_R2_001.fastq.gz
8010	20_NPC_HQ_r1_TAGGCATG-GCGATCTA_S20	NPC	HQ	R1	/DATA/usr/m.trauernicht/projects/ATAC_TF_reporter_comparison/ATAC_seq_analyses/data/8010_20_NPC_HQ_r1_TAGGCATG-GCGATCTA_S20_R1_001.fastq.gz	/DATA/usr/m.trauernicht/projects/ATAC_TF_reporter_comparison/ATAC_seq_analyses/data/8010_20_NPC_HQ_r1_TAGGCATG-GCGATCTA_S20_R2_001.fastq.gz
8010	21_NPC_cGAMP_r1_AGGCAGAA-TCTACTCT_S21	NPC	cGAMP	R1	/DATA/usr/m.trauernicht/projects/ATAC_TF_reporter_comparison/ATAC_seq_analyses/data/8010_21_NPC_cGAMP_r1_AGGCAGAA-TCTACTCT_S21_R1_001.fastq.gz	/DATA/usr/m.trauernicht/projects/ATAC_TF_reporter_comparison/ATAC_seq_analyses/data/8010_21_NPC_cGAMP_r1_AGGCAGAA-TCTACTCT_S21_R2_001.fastq.gz
8010	2_mES_FK_r2_CGTACTAG-TACTCCTT_S2	mES	FK	R2	/DATA/usr/m.trauernicht/projects/ATAC_TF_reporter_comparison/ATAC_seq_analyses/data/8010_2_mES_FK_r2_CGTACTAG-TACTCCTT_S2_R1_001.fastq.gz	/DATA/usr/m.trauernicht/projects/ATAC_TF_reporter_comparison/ATAC_seq_analyses/data/8010_2_mES_FK_r2_CGTACTAG-TACTCCTT_S2_R2_001.fastq.gz
8010	3_mES_PMA_r2_AGGCAGAA-TACTCCTT_S3	mES	PMA	R2	/DATA/usr/m.trauernicht/projects/ATAC_TF_reporter_comparison/ATAC_seq_analyses/data/8010_3_mES_PMA_r2_AGGCAGAA-TACTCCTT_S3_R1_001.fastq.gz	/DATA/usr/m.trauernicht/projects/ATAC_TF_reporter_comparison/ATAC_seq_analyses/data/8010_3_mES_PMA_r2_AGGCAGAA-TACTCCTT_S3_R2_001.fastq.gz
8010	4_mES_Nutlin_r2_TCCTGAGC-TACTCCTT_S4	mES	Nutlin	R2	/DATA/usr/m.trauernicht/projects/ATAC_TF_reporter_comparison/ATAC_seq_analyses/data/8010_4_mES_Nutlin_r2_TCCTGAGC-TACTCCTT_S4_R1_001.fastq.gz	/DATA/usr/m.trauernicht/projects/ATAC_TF_reporter_comparison/ATAC_seq_analyses/data/8010_4_mES_Nutlin_r2_TCCTGAGC-TACTCCTT_S4_R2_001.fastq.gz
8010	5_mES_10PD_r2_TAAGGCGA-CTCCTTAC_S5	mES	10PD	R2	/DATA/usr/m.trauernicht/projects/ATAC_TF_reporter_comparison/ATAC_seq_analyses/data/8010_5_mES_10PD_r2_TAAGGCGA-CTCCTTAC_S5_R1_001.fastq.gz	/DATA/usr/m.trauernicht/projects/ATAC_TF_reporter_comparison/ATAC_seq_analyses/data/8010_5_mES_10PD_r2_TAAGGCGA-CTCCTTAC_S5_R2_001.fastq.gz
8010	6_mES_vitC_r2_CGTACTAG-CTCCTTAC_S6	mES	vitC	R2	/DATA/usr/m.trauernicht/projects/ATAC_TF_reporter_comparison/ATAC_seq_analyses/data/8010_6_mES_vitC_r2_CGTACTAG-CTCCTTAC_S6_R1_001.fastq.gz	/DATA/usr/m.trauernicht/projects/ATAC_TF_reporter_comparison/ATAC_seq_analyses/data/8010_6_mES_vitC_r2_CGTACTAG-CTCCTTAC_S6_R2_001.fastq.gz
8010	7_mES_SP1_r2_AGGCAGAA-CTCCTTAC_S7	mES	SP1	R2	/DATA/usr/m.trauernicht/projects/ATAC_TF_reporter_comparison/ATAC_seq_analyses/data/8010_7_mES_SP1_r2_AGGCAGAA-CTCCTTAC_S7_R1_001.fastq.gz	/DATA/usr/m.trauernicht/projects/ATAC_TF_reporter_comparison/ATAC_seq_analyses/data/8010_7_mES_SP1_r2_AGGCAGAA-CTCCTTAC_S7_R2_001.fastq.gz
8010	8_mES_TFCP2L1_r2_TCCTGAGC-CTCCTTAC_S8	mES	TFCP2L1	R2	/DATA/usr/m.trauernicht/projects/ATAC_TF_reporter_comparison/ATAC_seq_analyses/data/8010_8_mES_TFCP2L1_r2_TCCTGAGC-CTCCTTAC_S8_R1_001.fastq.gz	/DATA/usr/m.trauernicht/projects/ATAC_TF_reporter_comparison/ATAC_seq_analyses/data/8010_8_mES_TFCP2L1_r2_TCCTGAGC-CTCCTTAC_S8_R2_001.fastq.gz
8010	9_mES_NT_r2_GGACTCCT-CTCCTTAC_S9	mES	NT	R2	/DATA/usr/m.trauernicht/projects/ATAC_TF_reporter_comparison/ATAC_seq_analyses/data/8010_9_mES_NT_r2_GGACTCCT-CTCCTTAC_S9_R1_001.fastq.gz	/DATA/usr/m.trauernicht/projects/ATAC_TF_reporter_comparison/ATAC_seq_analyses/data/8010_9_mES_NT_r2_GGACTCCT-CTCCTTAC_S9_R2_001.fastq.gz
8011	10_mES_NT_r3_CGTACTAG-ATAGAGAG_S10	mES	NT	R3	/DATA/usr/m.trauernicht/projects/ATAC_TF_reporter_comparison/ATAC_seq_analyses/data/8011_10_mES_NT_r3_CGTACTAG-ATAGAGAG_S10_R1_001.fastq.gz	/DATA/usr/m.trauernicht/projects/ATAC_TF_reporter_comparison/ATAC_seq_analyses/data/8011_10_mES_NT_r3_CGTACTAG-ATAGAGAG_S10_R2_001.fastq.gz
8011	11_mES_LIF_6_r3_AGGCAGAA-ATAGAGAG_S11	mES	LIF_6h	R3	/DATA/usr/m.trauernicht/projects/ATAC_TF_reporter_comparison/ATAC_seq_analyses/data/8011_11_mES_LIF_6_r3_AGGCAGAA-ATAGAGAG_S11_R1_001.fastq.gz	/DATA/usr/m.trauernicht/projects/ATAC_TF_reporter_comparison/ATAC_seq_analyses/data/8011_11_mES_LIF_6_r3_AGGCAGAA-ATAGAGAG_S11_R2_001.fastq.gz
8011	12_mES_LIF_3_r3_TCCTGAGC-ATAGAGAG_S12	mES	LIF_3h	R3	/DATA/usr/m.trauernicht/projects/ATAC_TF_reporter_comparison/ATAC_seq_analyses/data/8011_12_mES_LIF_3_r3_TCCTGAGC-ATAGAGAG_S12_R1_001.fastq.gz	/DATA/usr/m.trauernicht/projects/ATAC_TF_reporter_comparison/ATAC_seq_analyses/data/8011_12_mES_LIF_3_r3_TCCTGAGC-ATAGAGAG_S12_R2_001.fastq.gz
8011	13_mES_LIF_1_r3_GGACTCCT-ATAGAGAG_S13	mES	LIF_1h	R3	/DATA/usr/m.trauernicht/projects/ATAC_TF_reporter_comparison/ATAC_seq_analyses/data/8011_13_mES_LIF_1_r3_GGACTCCT-ATAGAGAG_S13_R1_001.fastq.gz	/DATA/usr/m.trauernicht/projects/ATAC_TF_reporter_comparison/ATAC_seq_analyses/data/8011_13_mES_LIF_1_r3_GGACTCCT-ATAGAGAG_S13_R2_001.fastq.gz
8011	14_mES_HQ_6_r3_TAGGCATG-ATAGAGAG_S14	mES	HQ_6h	R3	/DATA/usr/m.trauernicht/projects/ATAC_TF_reporter_comparison/ATAC_seq_analyses/data/8011_14_mES_HQ_6_r3_TAGGCATG-ATAGAGAG_S14_R1_001.fastq.gz	/DATA/usr/m.trauernicht/projects/ATAC_TF_reporter_comparison/ATAC_seq_analyses/data/8011_14_mES_HQ_6_r3_TAGGCATG-ATAGAGAG_S14_R2_001.fastq.gz
8011	15_mES_HQ_3_r3_CTCTCTAC-ATAGAGAG_S15	mES	HQ_3h	R3	/DATA/usr/m.trauernicht/projects/ATAC_TF_reporter_comparison/ATAC_seq_analyses/data/8011_15_mES_HQ_3_r3_CTCTCTAC-ATAGAGAG_S15_R1_001.fastq.gz	/DATA/usr/m.trauernicht/projects/ATAC_TF_reporter_comparison/ATAC_seq_analyses/data/8011_15_mES_HQ_3_r3_CTCTCTAC-ATAGAGAG_S15_R2_001.fastq.gz
8011	16_mES_HQ_1_r3_CAGAGAGG-ATAGAGAG_S16	mES	HQ_1h	R3	/DATA/usr/m.trauernicht/projects/ATAC_TF_reporter_comparison/ATAC_seq_analyses/data/8011_16_mES_HQ_1_r3_CAGAGAGG-ATAGAGAG_S16_R1_001.fastq.gz	/DATA/usr/m.trauernicht/projects/ATAC_TF_reporter_comparison/ATAC_seq_analyses/data/8011_16_mES_HQ_1_r3_CAGAGAGG-ATAGAGAG_S16_R2_001.fastq.gz
8011	17_NPC_r3_TAAGGCGA-AGAGGATA_S17	NPC	DMSO	R3	/DATA/usr/m.trauernicht/projects/ATAC_TF_reporter_comparison/ATAC_seq_analyses/data/8011_17_NPC_r3_TAAGGCGA-AGAGGATA_S17_R1_001.fastq.gz	/DATA/usr/m.trauernicht/projects/ATAC_TF_reporter_comparison/ATAC_seq_analyses/data/8011_17_NPC_r3_TAAGGCGA-AGAGGATA_S17_R2_001.fastq.gz
8011	18_NPC_HQ_r3_CGTACTAG-AGAGGATA_S18	NPC	HQ	R3	/DATA/usr/m.trauernicht/projects/ATAC_TF_reporter_comparison/ATAC_seq_analyses/data/8011_18_NPC_HQ_r3_CGTACTAG-AGAGGATA_S18_R1_001.fastq.gz	/DATA/usr/m.trauernicht/projects/ATAC_TF_reporter_comparison/ATAC_seq_analyses/data/8011_18_NPC_HQ_r3_CGTACTAG-AGAGGATA_S18_R2_001.fastq.gz
8011	19_NPC_cGAMP_r3_AGGCAGAA-AGAGGATA_S19	NPC	cGAMP	R3	/DATA/usr/m.trauernicht/projects/ATAC_TF_reporter_comparison/ATAC_seq_analyses/data/8011_19_NPC_cGAMP_r3_AGGCAGAA-AGAGGATA_S19_R1_001.fastq.gz	/DATA/usr/m.trauernicht/projects/ATAC_TF_reporter_comparison/ATAC_seq_analyses/data/8011_19_NPC_cGAMP_r3_AGGCAGAA-AGAGGATA_S19_R2_001.fastq.gz
8011	1_mES_r3_TAAGGCGA-AGGCTTAG_S1	mES	2i_LIF	R3	/DATA/usr/m.trauernicht/projects/ATAC_TF_reporter_comparison/ATAC_seq_analyses/data/8011_1_mES_r3_TAAGGCGA-AGGCTTAG_S1_R1_001.fastq.gz	/DATA/usr/m.trauernicht/projects/ATAC_TF_reporter_comparison/ATAC_seq_analyses/data/8011_1_mES_r3_TAAGGCGA-AGGCTTAG_S1_R2_001.fastq.gz
8011	20_mES_Heat_r3_TCCTGAGC-AGAGGATA_S20	mES	Heat	R3	/DATA/usr/m.trauernicht/projects/ATAC_TF_reporter_comparison/ATAC_seq_analyses/data/8011_20_mES_Heat_r3_TCCTGAGC-AGAGGATA_S20_R1_001.fastq.gz	/DATA/usr/m.trauernicht/projects/ATAC_TF_reporter_comparison/ATAC_seq_analyses/data/8011_20_mES_Heat_r3_TCCTGAGC-AGAGGATA_S20_R2_001.fastq.gz
8011	21_mES_FK_new_r3_GGACTCCT-AGAGGATA_S21	mES	FK_new	R3	/DATA/usr/m.trauernicht/projects/ATAC_TF_reporter_comparison/ATAC_seq_analyses/data/8011_21_mES_FK_new_r3_GGACTCCT-AGAGGATA_S21_R1_001.fastq.gz	/DATA/usr/m.trauernicht/projects/ATAC_TF_reporter_comparison/ATAC_seq_analyses/data/8011_21_mES_FK_new_r3_GGACTCCT-AGAGGATA_S21_R2_001.fastq.gz
8011	2_mES_FBS_r3_CGTACTAG-AGGCTTAG_S2	mES	FBS	R3	/DATA/usr/m.trauernicht/projects/ATAC_TF_reporter_comparison/ATAC_seq_analyses/data/8011_2_mES_FBS_r3_CGTACTAG-AGGCTTAG_S2_R1_001.fastq.gz	/DATA/usr/m.trauernicht/projects/ATAC_TF_reporter_comparison/ATAC_seq_analyses/data/8011_2_mES_FBS_r3_CGTACTAG-AGGCTTAG_S2_R2_001.fastq.gz
8011	3_mES_FK_r3_AGGCAGAA-AGGCTTAG_S3	mES	FK	R3	/DATA/usr/m.trauernicht/projects/ATAC_TF_reporter_comparison/ATAC_seq_analyses/data/8011_3_mES_FK_r3_AGGCAGAA-AGGCTTAG_S3_R1_001.fastq.gz	/DATA/usr/m.trauernicht/projects/ATAC_TF_reporter_comparison/ATAC_seq_analyses/data/8011_3_mES_FK_r3_AGGCAGAA-AGGCTTAG_S3_R2_001.fastq.gz
8011	4_mES_PMA_r3_TCCTGAGC-AGGCTTAG_S4	mES	PMA	R3	/DATA/usr/m.trauernicht/projects/ATAC_TF_reporter_comparison/ATAC_seq_analyses/data/8011_4_mES_PMA_r3_TCCTGAGC-AGGCTTAG_S4_R1_001.fastq.gz	/DATA/usr/m.trauernicht/projects/ATAC_TF_reporter_comparison/ATAC_seq_analyses/data/8011_4_mES_PMA_r3_TCCTGAGC-AGGCTTAG_S4_R2_001.fastq.gz
8011	5_mES_Nutlin_r3_GGACTCCT-AGGCTTAG_S5	mES	Nutlin	R3	/DATA/usr/m.trauernicht/projects/ATAC_TF_reporter_comparison/ATAC_seq_analyses/data/8011_5_mES_Nutlin_r3_GGACTCCT-AGGCTTAG_S5_R1_001.fastq.gz	/DATA/usr/m.trauernicht/projects/ATAC_TF_reporter_comparison/ATAC_seq_analyses/data/8011_5_mES_Nutlin_r3_GGACTCCT-AGGCTTAG_S5_R2_001.fastq.gz
8011	6_mES_10PD_r3_TAGGCATG-AGGCTTAG_S6	mES	10PD	R3	/DATA/usr/m.trauernicht/projects/ATAC_TF_reporter_comparison/ATAC_seq_analyses/data/8011_6_mES_10PD_r3_TAGGCATG-AGGCTTAG_S6_R1_001.fastq.gz	/DATA/usr/m.trauernicht/projects/ATAC_TF_reporter_comparison/ATAC_seq_analyses/data/8011_6_mES_10PD_r3_TAGGCATG-AGGCTTAG_S6_R2_001.fastq.gz
8011	7_mES_vitC_r3_CTCTCTAC-AGGCTTAG_S7	mES	vitC	R3	/DATA/usr/m.trauernicht/projects/ATAC_TF_reporter_comparison/ATAC_seq_analyses/data/8011_7_mES_vitC_r3_CTCTCTAC-AGGCTTAG_S7_R1_001.fastq.gz	/DATA/usr/m.trauernicht/projects/ATAC_TF_reporter_comparison/ATAC_seq_analyses/data/8011_7_mES_vitC_r3_CTCTCTAC-AGGCTTAG_S7_R2_001.fastq.gz
8011	8_mES_SP1_r3_CAGAGAGG-AGGCTTAG_S8	mES	SP1	R3	/DATA/usr/m.trauernicht/projects/ATAC_TF_reporter_comparison/ATAC_seq_analyses/data/8011_8_mES_SP1_r3_CAGAGAGG-AGGCTTAG_S8_R1_001.fastq.gz	/DATA/usr/m.trauernicht/projects/ATAC_TF_reporter_comparison/ATAC_seq_analyses/data/8011_8_mES_SP1_r3_CAGAGAGG-AGGCTTAG_S8_R2_001.fastq.gz
8011	9_mES_TFCP2L1_r3_TAAGGCGA-ATAGAGAG_S9	mES	TFCP2L1	R3	/DATA/usr/m.trauernicht/projects/ATAC_TF_reporter_comparison/ATAC_seq_analyses/data/8011_9_mES_TFCP2L1_r3_TAAGGCGA-ATAGAGAG_S9_R1_001.fastq.gz	/DATA/usr/m.trauernicht/projects/ATAC_TF_reporter_comparison/ATAC_seq_analyses/data/8011_9_mES_TFCP2L1_r3_TAAGGCGA-ATAGAGAG_S9_R2_001.fastq.gz
